nodeID,networkCanvasEgoUUID,networkCanvasUUID,name,venue_layout_x,venue_layout_y,venue_met,venue_sex,venue_drugs,code,type
1,1f225cfc-e228-4201-8728-6858f1ce7738,eeca1020c21575877fdcfbd612eaa35b704dfcdc,grindR,0.35336250331716995,0.5919427589770898,true,,,GRINDR,App
2,1f225cfc-e228-4201-8728-6858f1ce7738,7978630d36fbc3c038fad5dbd020c5fdcd7b0abe,Berlin,0.5131475202410382,0.6670338036833221,true,,,BERLIN,Bar
3,1f225cfc-e228-4201-8728-6858f1ce7738,ac93c1ffbce7a3863035e1e6371a347971dc6b88,Hollywood Beach,0.48886538731432827,0.34642079385357494,true,true,,HOLLYWOOD_BEACH,Other
4,1f225cfc-e228-4201-8728-6858f1ce7738,20ae27facf17058f41018f77ab24bff581c1ef99,Other,0.6471716472399252,0.5750864031826407,,,,OTHER,Other
5,1f225cfc-e228-4201-8728-6858f1ce7738,47352e11-48ef-4bac-be2f-7c16c108e63d,Home,0.34095878012235425,0.4292364623886401,,true,true,,
6,1f225cfc-e228-4201-8728-6858f1ce7738,ab35a5ea-3ee4-465f-9654-fc1d8bfe20f6,Partner's home,0.6456599456089016,0.39241832191787324,,true,true,,
